Date,Open,High,Low,Close,Volume,Market Cap
"Aug 16, 2017",4200.34,4381.23,3994.42,4376.63,2272040000,69342700000
"Aug 15, 2017",4326.99,4455.97,3906.18,4181.93,3258050000,71425500000
"Aug 14, 2017",4066.1,4325.13,3989.16,4325.13,2463090000,67112300000
"Aug 13, 2017",3880.04,4208.39,3857.8,4073.26,3159090000,64034100000
"Aug 12, 2017",3650.63,3949.92,3613.7,3884.71,2219590000,60242100000
"Aug 11, 2017",3373.82,3679.72,3372.12,3650.62,2021190000,55668000000
"Aug 10, 2017",3341.84,3453.45,3319.47,3381.28,1515110000,55134700000
"Aug 09, 2017",3420.4,3422.76,3247.67,3342.47,1468960000,56424900000
"Aug 08, 2017",3370.22,3484.85,3345.83,3419.94,1752760000,55590300000
"Aug 07, 2017",3212.78,3397.68,3180.89,3378.94,1482280000,52987300000
"Aug 06, 2017",3257.61,3293.29,3155.6,3213.94,1105030000,53720900000
"Aug 05, 2017",2897.63,3290.01,2874.83,3252.91,1945700000,47778200000
"Aug 04, 2017",2806.93,2899.33,2743.72,2895.89,1002120000,46276200000
"Aug 03, 2017",2709.56,2813.31,2685.14,2804.73,804797000,44666400000
"Aug 02, 2017",2727.13,2762.53,2668.59,2710.67,1094950000,44950800000
"Aug 01, 2017",2871.3,2921.35,2685.61,2718.26,1324670000,47321800000
"Jul 31, 2017",2763.24,2889.62,2720.61,2875.34,860575000,45535800000
"Jul 30, 2017",2724.39,2758.53,2644.85,2757.18,705943000,44890700000
"Jul 29, 2017",2807.02,2808.76,2692.8,2726.45,803746000,46246700000
"Jul 28, 2017",2679.73,2897.45,2679.73,2809.01,1380100000,44144400000
"Jul 27, 2017",2538.71,2693.32,2529.34,2671.78,789104000,41816500000
"Jul 26, 2017",2577.77,2610.76,2450.8,2529.45,937404000,42455000000
"Jul 25, 2017",2757.5,2768.08,2480.96,2576.48,1460090000,45410100000
"Jul 24, 2017",2732.7,2777.26,2699.19,2754.86,866474000,44995600000
"Jul 23, 2017",2808.1,2832.18,2653.94,2730.4,1072840000,46231100000
"Jul 22, 2017",2668.63,2862.42,2657.71,2810.12,1177130000,43929600000
"Jul 21, 2017",2838.41,2838.41,2621.85,2667.76,1489450000,46719000000
"Jul 20, 2017",2269.89,2900.7,2269.89,2817.6,2249260000,37356800000
"Jul 19, 2017",2323.08,2397.17,2260.23,2273.43,1245100000,38227800000
"Jul 18, 2017",2233.52,2387.61,2164.77,2318.88,1512450000,36749400000
"Jul 17, 2017",1932.62,2230.49,1932.62,2228.41,1201760000,31795000000
"Jul 16, 2017",1991.98,2058.77,1843.03,1929.82,1182870000,32767600000
"Jul 15, 2017",2230.12,2231.14,1990.41,1998.86,993608000,36681300000
"Jul 14, 2017",2360.59,2363.25,2183.22,2233.34,882503000,38823100000
"Jul 13, 2017",2402.7,2425.22,2340.83,2357.9,835770000,39511000000
"Jul 12, 2017",2332.77,2423.71,2275.14,2398.84,1117410000,38355900000
"Jul 11, 2017",2385.89,2413.47,2296.81,2337.79,1329760000,39224200000
"Jul 10, 2017",2525.25,2537.16,2321.13,2372.56,1111200000,41509000000
"Jul 09, 2017",2572.61,2635.49,2517.59,2518.44,527856000,42283200000
"Jul 08, 2017",2520.27,2571.34,2492.31,2571.34,733330000,41417700000
"Jul 07, 2017",2608.59,2916.14,2498.87,2518.66,917412000,42864200000
"Jul 06, 2017",2608.1,2616.72,2581.69,2608.56,761957000,42851400000
"Jul 05, 2017",2602.87,2622.65,2538.55,2601.99,941566000,42760800000
"Jul 04, 2017",2561,2631.59,2559.35,2601.64,985516000,42067900000
"Jul 03, 2017",2498.56,2595,2480.47,2564.06,964112000,41037200000
"Jul 02, 2017",2436.4,2514.28,2394.84,2506.47,803747000,40010500000
"Jul 01, 2017",2492.6,2515.27,2419.23,2434.55,779914000,40928200000
"Jun 30, 2017",2539.24,2559.25,2478.43,2480.84,860273000,41689100000
"Jun 29, 2017",2567.56,2588.83,2510.48,2539.32,949979000,42150300000
"Jun 28, 2017",2553.03,2603.98,2484.42,2574.79,1183870000,41906700000
"Jun 27, 2017",2478.45,2552.45,2332.99,2552.45,1489790000,40677900000
"Jun 26, 2017",2590.57,2615.25,2376.29,2478.45,1663280000,42514000000
"Jun 25, 2017",2607.25,2682.26,2552.12,2589.41,1161100000,42783800000
"Jun 24, 2017",2738.52,2757.94,2583.19,2608.72,982750000,44932900000
"Jun 23, 2017",2707.34,2765.17,2706.37,2744.91,961319000,44415900000
"Jun 22, 2017",2691.03,2723.74,2642.36,2705.41,1097940000,44143700000
"Jun 21, 2017",2709.43,2772.01,2660.4,2689.1,1626580000,44440800000
"Jun 20, 2017",2591.26,2763.45,2589.82,2721.79,1854190000,42498000000
"Jun 19, 2017",2549.03,2662.85,2549.03,2589.6,1446840000,41800600000
"Jun 18, 2017",2655.35,2662.1,2516.33,2548.29,1178660000,43539300000
"Jun 17, 2017",2514.01,2685.19,2484.96,2655.88,1534510000,41217200000
"Jun 16, 2017",2469.57,2539.92,2385.15,2518.56,1195190000,40484100000
"Jun 15, 2017",2499.58,2534.71,2212.96,2464.58,2026260000,40971300000
"Jun 14, 2017",2716.88,2786.83,2412.94,2506.37,1696560000,44528300000
"Jun 13, 2017",2680.91,2789.04,2650.38,2717.02,1781200000,43934100000
"Jun 12, 2017",2953.22,2997.26,2518.56,2659.63,2569530000,48391200000
"Jun 11, 2017",2942.41,2996.6,2840.53,2958.11,1752400000,48208700000
"Jun 10, 2017",2828.14,2950.99,2746.55,2947.71,2018890000,46331400000
"Jun 09, 2017",2807.44,2901.71,2795.62,2823.81,1348950000,45987100000
"Jun 08, 2017",2720.49,2815.3,2670.95,2805.62,1281170000,44557100000
"Jun 07, 2017",2869.38,2869.38,2700.56,2732.16,1517710000,46989800000
"Jun 06, 2017",2690.84,2999.91,2690.84,2863.2,2089610000,44061000000
"Jun 05, 2017",2512.4,2686.81,2510.22,2686.81,1369310000,41133900000
"Jun 04, 2017",2547.79,2585.89,2452.54,2511.81,1355120000,41708200000
"Jun 03, 2017",2493.72,2581.91,2423.57,2515.35,1514950000,40817100000
"Jun 02, 2017",2404.03,2488.55,2373.32,2488.55,1317030000,39344600000
"Jun 01, 2017",2288.33,2448.39,2288.33,2407.88,1653180000,37446200000
"May 31, 2017",2187.19,2311.08,2145.57,2286.41,1544830000,35786700000
"May 30, 2017",2255.36,2301.96,2124.57,2175.47,1443970000,36897000000
"May 29, 2017",2159.43,2307.05,2107.17,2255.61,994625000,35323500000
"May 28, 2017",2054.08,2267.34,2054.08,2155.8,1147140000,33595900000
"May 27, 2017",2196.27,2260.2,1855.83,2038.87,1700480000,35917100000
"May 26, 2017",2320.89,2573.79,2071.99,2202.42,1763480000,37950600000
"May 25, 2017",2446.24,2763.71,2285.3,2304.98,2406700000,39995400000
"May 24, 2017",2321.37,2523.72,2321.37,2443.64,1725380000,37949200000
"May 23, 2017",2191.56,2320.82,2178.5,2320.42,1378750000,35822600000
"May 22, 2017",2043.19,2303.9,2017.87,2173.4,1942220000,33393600000
"May 21, 2017",2067.03,2119.08,2037.5,2041.2,1147860000,33779400000
"May 20, 2017",1984.24,2084.73,1974.92,2084.73,961336000,32422400000
"May 19, 2017",1897.37,2004.52,1890.25,1987.71,1157290000,30999000000
"May 18, 2017",1818.7,1904.48,1807.12,1888.65,894321000,29710500000
"May 17, 2017",1726.73,1864.05,1661.91,1839.09,1064730000,28204800000
"May 16, 2017",1741.7,1785.94,1686.54,1734.45,959045000,28446300000
"May 15, 2017",1808.44,1812.8,1708.54,1738.43,731529000,29532600000
"May 14, 2017",1800.86,1831.42,1776.62,1808.91,437196000,29405100000
"May 13, 2017",1723.12,1812.99,1651.08,1804.91,579635000,28132300000
"May 12, 2017",1845.76,1856.15,1694.01,1724.24,740984000,30131100000
"May 11, 2017",1780.37,1873.93,1755.35,1848.57,799490000,29060600000
"May 10, 2017",1756.52,1788.44,1719.1,1787.13,915723000,28668100000
"May 09, 2017",1723.89,1833.49,1716.3,1755.36,1167920000,28132200000
"May 08, 2017",1596.92,1723.35,1596.92,1723.35,1340320000,26056500000
"May 07, 2017",1579.47,1596.72,1559.76,1596.71,1080030000,25768500000
"May 06, 2017",1556.81,1578.8,1542.5,1578.8,582530000,25395600000
"May 05, 2017",1540.87,1618.03,1530.31,1555.45,946036000,25133100000
"May 04, 2017",1490.72,1608.91,1490.72,1537.67,933549000,24311900000
"May 03, 2017",1453.78,1492.77,1447.49,1490.09,583796000,23707100000
"May 02, 2017",1421.03,1473.9,1415.69,1452.82,477338000,23170200000
"May 01, 2017",1348.3,1434.32,1348.3,1421.6,713624000,21981800000
"Apr 30, 2017",1321.87,1347.91,1314.92,1347.89,413115000,21548400000
"Apr 29, 2017",1317.84,1327.2,1315.21,1321.79,422706000,21479800000
"Apr 28, 2017",1317.74,1331.28,1292.37,1316.48,527489000,21476000000
"Apr 27, 2017",1281.88,1319.7,1281.3,1317.73,449197000,20889200000
"Apr 26, 2017",1265.99,1294.83,1265.93,1281.08,329631000,20627900000
"Apr 25, 2017",1250.45,1267.58,1249.97,1265.49,242556000,20372300000
"Apr 24, 2017",1209.63,1250.94,1209.63,1250.15,235806000,19705400000
"Apr 23, 2017",1231.92,1232.2,1203.94,1207.21,258951000,20066200000
"Apr 22, 2017",1222.71,1235.56,1208.47,1231.71,249320000,19913900000
"Apr 21, 2017",1229.42,1235.94,1215.56,1222.05,272167000,20020700000
"Apr 20, 2017",1211.08,1240.79,1208.41,1229.08,315108000,19719900000
"Apr 19, 2017",1212.13,1215.51,1205.08,1210.29,288061000,19734800000
"Apr 18, 2017",1193.77,1217.57,1193.77,1211.67,270524000,19433800000
"Apr 17, 2017",1183.25,1194.9,1172.65,1193.91,253206000,19260500000
"Apr 16, 2017",1172.61,1187.22,1172.61,1182.94,183231000,19085100000
"Apr 15, 2017",1167.3,1188,1164.96,1172.52,203559000,18996500000
"Apr 14, 2017",1170.33,1190.8,1159.79,1167.54,254827000,19043800000
"Apr 13, 2017",1201.02,1205.89,1156.44,1169.28,351969000,19541300000
"Apr 12, 2017",1204.81,1207.14,1196.76,1200.37,288702000,19600800000
"Apr 11, 2017",1187.46,1208.07,1187.46,1205.01,216182000,19316000000
"Apr 10, 2017",1187.3,1190.34,1179.04,1187.13,215883000,19311200000
"Apr 09, 2017",1176.57,1197.21,1171.86,1187.87,242343000,19134400000
"Apr 08, 2017",1172.65,1184.98,1162.58,1175.95,209312000,19068600000
"Apr 07, 2017",1178.94,1186.58,1163.39,1176.9,317022000,19168500000
"Apr 06, 2017",1125.81,1188.37,1125.81,1182.68,511222000,18302600000
"Apr 05, 2017",1134.14,1135.09,1113.63,1124.78,414784000,18435700000
"Apr 04, 2017",1145.52,1156.44,1120.52,1133.25,436310000,18619000000
"Apr 03, 2017",1102.95,1151.74,1102.95,1143.81,580444000,17924600000
"Apr 02, 2017",1080.61,1107.59,1075.45,1102.17,514187000,17559400000
"Apr 01, 2017",1071.71,1091.72,1061.09,1080.5,289634000,17413000000
"Mar 31, 2017",1026.64,1074.92,1026.64,1071.79,447287000,16679000000
"Mar 30, 2017",1042.21,1049.29,1020.04,1026.43,352969000,16929800000
"Mar 29, 2017",1046.08,1055.13,1015.88,1039.97,298458000,16990900000
"Mar 28, 2017",1044.58,1064.65,1027.73,1047.15,326332000,16964500000
"Mar 27, 2017",972.05,1046.4,971.98,1045.77,372535000,15785000000
"Mar 26, 2017",974.01,1007.96,954.19,966.73,303668000,15814800000
"Mar 25, 2017",936.54,975.76,903.71,972.78,435803000,15204800000
"Mar 24, 2017",1038.45,1040.47,934.36,937.52,491038000,16857000000
"Mar 23, 2017",1050.05,1058.01,1028.93,1038.59,248540000,17043400000
"Mar 22, 2017",1120.65,1120.65,1014.21,1049.14,380841000,18187100000
"Mar 21, 2017",1055.36,1122.43,1055.36,1120.54,337391000,17125600000
"Mar 20, 2017",1037.24,1063.03,1036.68,1054.23,286530000,16829800000
"Mar 19, 2017",976.73,1069.91,976.73,1036.74,406648000,15846000000
"Mar 18, 2017",1099.69,1114.07,957.65,973.82,621302000,17838700000
"Mar 17, 2017",1180.16,1180.16,1099.57,1100.23,706599000,19141800000
"Mar 16, 2017",1251.33,1257.98,1152.44,1187.81,638568000,20293700000
"Mar 15, 2017",1240.16,1251.61,1239.75,1249.61,297805000,20110400000
"Mar 14, 2017",1232.16,1244.81,1220.72,1240,245306000,19978200000
"Mar 13, 2017",1221.78,1237.37,1217.03,1231.92,380277000,19807700000
"Mar 12, 2017",1176.62,1226.98,1175.36,1221.38,227176000,19073300000
"Mar 11, 2017",1116.32,1193.83,1116.32,1175.83,283320000,18093700000
"Mar 10, 2017",1189.36,1270.47,1077.25,1116.72,563796000,19275300000
"Mar 09, 2017",1150.35,1197.46,1141.23,1188.49,212283000,18640900000
"Mar 08, 2017",1223.23,1232.16,1148.08,1150,332603000,19819800000
"Mar 07, 2017",1273.21,1275.55,1204.8,1223.54,291256000,20627100000
"Mar 06, 2017",1267.47,1276,1264.6,1272.83,153657000,20531900000
"Mar 05, 2017",1254.29,1267.29,1238.06,1267.12,134127000,20316000000
"Mar 04, 2017",1277.43,1279.4,1230.51,1255.15,183270000,20688800000
"Mar 03, 2017",1250.71,1280.31,1250.71,1274.99,315739000,20253700000
"Mar 02, 2017",1224.68,1262.13,1215.62,1251.01,368275000,19829800000
"Mar 01, 2017",1180.04,1222.5,1179.69,1222.5,229057000,19104800000
"Feb 28, 2017",1180.72,1193.25,1171.82,1179.97,184956000,19113600000
"Feb 27, 2017",1163.78,1181.98,1163.38,1179.97,131570000,18837300000
"Feb 26, 2017",1144.27,1167.47,1130.2,1165.2,116486000,18518900000
"Feb 25, 2017",1170.41,1174.85,1124.59,1143.84,139961000,18939500000
"Feb 24, 2017",1172.71,1200.39,1131.96,1173.68,330759000,18974400000
"Feb 23, 2017",1117.27,1176.62,1116.96,1166.72,189454000,18075200000
"Feb 22, 2017",1114.8,1125.39,1100.55,1117.44,136100000,18033400000
"Feb 21, 2017",1079.28,1117.25,1076.93,1115.3,186869000,17456900000
"Feb 20, 2017",1048.69,1080.49,1041.69,1079.98,109478000,16960200000
"Feb 19, 2017",1054.76,1056.81,1043.46,1047.87,77423300,17056600000
"Feb 18, 2017",1049.21,1061.1,1046.96,1054.42,99073500,16964800000
"Feb 17, 2017",1026.12,1053.17,1025.64,1046.21,136474000,16589600000
"Feb 16, 2017",1007.65,1033.37,1007.65,1027.44,122277000,16289100000
"Feb 15, 2017",1006.21,1008.84,1001.58,1007.48,89759400,16264100000
"Feb 14, 2017",991.74,1011.51,986.47,1004.55,137946000,16028000000
"Feb 13, 2017",998.88,1002.1,976,990.64,100607000,16141500000
"Feb 12, 2017",1003.52,1004.76,996.92,999.18,67530000,16214700000
"Feb 11, 2017",988.9,1009.29,982.83,1004.45,102261000,15976700000
"Feb 10, 2017",995.63,998.9,946.69,988.67,190452000,16083600000
"Feb 09, 2017",1064.7,1088.99,953.34,994.38,407220000,17197100000
"Feb 08, 2017",1062.32,1078.97,1037.49,1063.07,201855000,17156700000
"Feb 07, 2017",1040.14,1061.93,1040.14,1061.35,146007000,16796600000
"Feb 06, 2017",1028.4,1044.64,1028.16,1038.15,111762000,16605400000
"Feb 05, 2017",1043.52,1043.63,1022.37,1027.34,114208000,16847400000
"Feb 04, 2017",1031.33,1045.9,1015.16,1042.9,155064000,16648800000
"Feb 03, 2017",1011.46,1033.87,1008.79,1029.91,201278000,16326100000
"Feb 02, 2017",990,1013.52,983.22,1011.8,145821000,15977800000
"Feb 01, 2017",970.94,989.11,970.74,989.02,150110000,15667900000
"Jan 31, 2017",920.96,972.02,920.96,970.4,164582000,14859700000
"Jan 30, 2017",920.15,923.05,919.47,920.38,78227300,14844900000
"Jan 29, 2017",922.07,923.42,919.15,919.5,60851700,14874000000
"Jan 28, 2017",919.81,923.91,919.81,921.59,68979600,14835800000
"Jan 27, 2017",918.36,923.22,915.85,919.75,125594000,14810400000
"Jan 26, 2017",902.39,919.33,902.22,917.59,131958000,14551200000
"Jan 25, 2017",891.92,903.25,891.69,901.54,120831000,14380700000
"Jan 24, 2017",910.68,924.14,892.29,892.69,111349000,14681400000
"Jan 23, 2017",925.5,928.27,916.74,921.01,73588600,14918800000
"Jan 22, 2017",922.21,937.52,897.56,924.67,116573000,14863600000
"Jan 21, 2017",895.55,927.37,895.53,921.79,111158000,14432000000
"Jan 20, 2017",898.17,899.4,887.01,895.03,86728400,14472100000
"Jan 19, 2017",888.34,904.61,884.34,899.07,105625000,14311700000
"Jan 18, 2017",909.37,917.5,858.3,886.62,225677000,14648900000
"Jan 17, 2017",830.95,910.56,830.8,907.94,155095000,13383900000
"Jan 16, 2017",821.78,834.53,820.27,831.53,82755200,13234600000
"Jan 15, 2017",818.14,823.31,812.87,821.8,71013600,13174300000
"Jan 14, 2017",825.14,835.09,812.46,818.41,93063300,13285200000
"Jan 13, 2017",803.74,829,780,823.98,168968000,12939100000
"Jan 12, 2017",775.18,826.25,755.76,804.83,222326000,12477600000
"Jan 11, 2017",908.12,919.45,762.76,777.76,310929000,14615700000
"Jan 10, 2017",902.44,914.87,901.06,907.68,115808000,14522600000
"Jan 09, 2017",913.24,913.69,879.81,902.83,141877000,14694900000
"Jan 08, 2017",908.17,942.72,887.25,911.2,158715000,14611400000
"Jan 07, 2017",903.49,908.59,823.56,908.59,279550000,14534400000
"Jan 06, 2017",1014.24,1046.81,883.94,902.2,351876000,16314100000
"Jan 05, 2017",1156.73,1191.1,910.42,1013.38,510199000,18604000000
"Jan 04, 2017",1044.4,1159.42,1044.4,1154.73,344946000,16795400000
"Jan 03, 2017",1021.6,1044.08,1021.6,1043.84,185168000,16426600000
"Jan 02, 2017",998.62,1031.39,996.7,1021.75,222185000,16055100000
"Jan 01, 2017",963.66,1003.08,958.7,998.33,147775000,15491200000
"Dec 31, 2016",960.63,963.74,947.24,963.74,99135100,15440700000
"Dec 30, 2016",972.53,972.53,934.83,961.24,187474000,15630200000
"Dec 29, 2016",975.13,979.4,954.5,973.5,199320000,15670000000
"Dec 28, 2016",934.83,975.92,934.83,975.92,236630000,15020500000
"Dec 27, 2016",908.35,940.05,904.25,933.2,167308000,14593300000
"Dec 26, 2016",896.9,913.18,896.9,907.61,123771000,14407800000
"Dec 25, 2016",899.65,899.65,862.42,896.18,143665000,14450100000
"Dec 24, 2016",922.18,923.48,886.34,898.82,137727000,14810300000
"Dec 23, 2016",864.89,925.12,864.68,921.98,275564000,13888600000
"Dec 22, 2016",834.18,875.78,834.15,864.54,200027000,13393800000
"Dec 21, 2016",800.64,834.28,799.4,834.28,155576000,12853700000
"Dec 20, 2016",792.25,801.34,791.5,800.88,99629300,12717600000
"Dec 19, 2016",790.69,793.61,790.32,792.71,74886400,12691100000
"Dec 18, 2016",791.01,794.74,788.03,790.53,60524400,12694800000
"Dec 17, 2016",785.17,792.51,784.86,790.83,78989800,12599600000
"Dec 16, 2016",778.96,785.03,778.96,784.91,83608200,12498800000
"Dec 15, 2016",780.07,781.43,777.8,778.09,81580100,12511700000
"Dec 14, 2016",780,782.03,776.84,781.48,75979000,12512900000
"Dec 13, 2016",780.65,788.46,777.96,780.56,81645600,12521500000
"Dec 12, 2016",770.04,781.92,770.04,780.09,76571000,12349800000
"Dec 11, 2016",774.75,774.8,765.41,769.73,57313400,12423600000
"Dec 10, 2016",773.02,777.09,772.91,774.65,53843100,12394500000
"Dec 09, 2016",769.94,774.53,769.65,772.79,68705300,12344000000
"Dec 08, 2016",768.08,774.7,765.95,770.81,80111900,12312500000
"Dec 07, 2016",764.21,771.54,759.75,768.13,96426100,12248900000
"Dec 06, 2016",758.72,765.62,758.72,764.22,116218000,12159400000
"Dec 05, 2016",773.39,773.47,751.71,758.7,106363000,12393100000
"Dec 04, 2016",771.64,773.87,768.16,773.87,60557900,12363600000
"Dec 03, 2016",778.25,778.25,764.86,771.15,69547300,12467800000
"Dec 02, 2016",757.54,781.3,757.54,777.94,127605000,12134800000
"Dec 01, 2016",746.05,758.27,746.05,756.77,80461900,11949200000
"Nov 30, 2016",736.28,747.93,736.26,745.69,84070800,11791600000
"Nov 29, 2016",736.33,737.47,734.56,735.6,68511100,11790900000
"Nov 28, 2016",732.48,738.01,732.48,735.81,61888600,11727800000
"Nov 27, 2016",735.44,739.02,731.09,732.03,52601800,11773800000
"Nov 26, 2016",741.51,742.21,729.63,735.38,54962700,11869600000
"Nov 25, 2016",740.44,741.65,734.59,741.65,67807600,11851100000
"Nov 24, 2016",744.62,746.83,733.49,740.29,85919300,11916500000
"Nov 23, 2016",751.74,752.25,738.92,744.59,76543800,12029000000
"Nov 22, 2016",739.64,753.87,736.53,751.35,129906000,11834200000
"Nov 21, 2016",731.26,741.72,730.51,739.25,60802400,11698900000
"Nov 20, 2016",751.88,755.48,717.94,731.03,154116000,12027500000
"Nov 19, 2016",751.83,756.24,744.47,751.62,110608000,12025400000
"Nov 18, 2016",740.71,752.88,736.89,751.59,87363100,11846000000
"Nov 17, 2016",744.88,755.64,739.51,740.98,108579000,11911300000
"Nov 16, 2016",711.17,747.62,709.04,744.2,141294000,11370700000
"Nov 15, 2016",705.79,715.72,705.26,711.62,72038500,11283400000
"Nov 14, 2016",702,706.28,699.81,705.02,62993000,11214600000
"Nov 13, 2016",705.2,705.26,687.32,702.03,80318100,11264500000
"Nov 12, 2016",716.75,717.15,704.03,705.05,64622500,11447700000
"Nov 11, 2016",715.55,718.32,714.41,716.41,63119700,11427200000
"Nov 10, 2016",722.84,723.02,711.21,715.53,68807800,11542100000
"Nov 09, 2016",709.83,740.05,708.61,723.27,132429000,11333000000
"Nov 08, 2016",703.09,712.99,702.39,709.85,79660800,11224000000
"Nov 07, 2016",710.74,710.74,699.9,703.13,65047100,11344800000
"Nov 06, 2016",703.81,714.26,699.56,711.52,59902200,11233000000
"Nov 05, 2016",703.52,707.51,697.74,703.42,53752300,11227200000
"Nov 04, 2016",689.12,706.93,685.56,703.24,99907700,10996400000
"Nov 03, 2016",742.35,745.77,678.16,688.7,172808000,11844300000
"Nov 02, 2016",730.07,740.83,722.35,740.83,84865200,11647200000
"Nov 01, 2016",701.34,736.45,701.34,729.79,130527000,11187700000
"Oct 31, 2016",702.64,709.29,691.68,700.97,97064400,11207200000
"Oct 30, 2016",714.12,714.12,696.48,701.86,100665000,11388800000
"Oct 29, 2016",690.29,720.4,690.05,714.48,134761000,11007600000
"Oct 28, 2016",688,690.44,684.16,689.65,81145500,10969800000
"Oct 27, 2016",678.21,688.59,678.04,688.31,96105300,10812500000
"Oct 26, 2016",657.68,679.73,657.68,678.3,88877100,10484000000
"Oct 25, 2016",654,664.42,653.7,657.59,90378800,10424300000
"Oct 24, 2016",657.16,657.25,652.6,653.76,62218200,10473500000
"Oct 23, 2016",657.62,661.13,653.89,657.07,54474600,10479700000
"Oct 22, 2016",633.14,658.2,632.85,657.29,78556500,10088400000
"Oct 21, 2016",630.83,634.09,630.69,632.83,55951000,10050300000
"Oct 20, 2016",630.66,631.92,628.26,630.86,56957300,10046700000
"Oct 19, 2016",638.13,638.87,628.01,630.52,69381700,10164800000
"Oct 18, 2016",639.41,640.74,636,637.96,65546700,10184000000
"Oct 17, 2016",641.82,642.33,638.66,639.19,58063600,10221300000
"Oct 16, 2016",639.08,642.9,638.9,641.63,40298100,10176800000
"Oct 15, 2016",640.31,642.1,637.39,638.65,39035400,10195200000
"Oct 14, 2016",637.01,641.28,637.01,640.38,58144600,10141600000
"Oct 13, 2016",636.03,638.83,635.03,636.79,61620700,10125100000
"Oct 12, 2016",640.87,641.34,635.97,636.19,92370200,10201000000
"Oct 11, 2016",619.24,642.08,618.5,641.07,103590000,9855650000
"Oct 10, 2016",616.82,621.32,616.2,618.99,67481100,9816270000
"Oct 09, 2016",619.17,619.2,616.61,616.75,39243400,9852480000
"Oct 08, 2016",617.34,619.85,617.34,619.11,42345900,9822100000
"Oct 07, 2016",612.61,617.91,611.82,617.12,64071400,9745740000
"Oct 06, 2016",612.47,613.82,611.47,613.02,56812100,9742370000
"Oct 05, 2016",610.22,613.81,609.62,612.51,68077500,9705320000
"Oct 04, 2016",612.05,612.05,609.48,610.2,49801600,9733330000
"Oct 03, 2016",610.97,612.57,610.46,612.13,46798300,9714980000
"Oct 02, 2016",613.95,614,609.68,610.89,39249800,9761330000
"Oct 01, 2016",609.93,615.24,609.93,613.98,56357000,9696280000
"Sep 30, 2016",605.72,609.74,604.14,609.74,56122400,9628250000
"Sep 29, 2016",605.02,606.82,604.85,605.69,55658600,9616160000
"Sep 28, 2016",606.24,606.59,604.61,604.73,48722600,9634530000
"Sep 27, 2016",608.02,608.25,604.11,606.17,49422400,9661590000
"Sep 26, 2016",600.81,608.14,600.35,608.04,59153800,9545830000
"Sep 25, 2016",602.75,603.38,599.71,600.83,33977800,9575360000
"Sep 24, 2016",602.96,604.58,602.04,602.63,35359500,9577520000
"Sep 23, 2016",596.2,603.21,595.79,602.84,51067000,9469130000
"Sep 22, 2016",597.28,598.49,596.21,596.3,67085300,9485280000
"Sep 21, 2016",603.59,603.59,595.88,597.15,82776200,9584260000
"Sep 20, 2016",609.25,609.52,607.94,608.31,72710900,9673140000
"Sep 19, 2016",609.87,610.93,608.27,609.23,54796400,9681960000
"Sep 18, 2016",606.28,610.16,605.86,609.87,48679400,9623950000
"Sep 17, 2016",607.22,607.86,605.19,605.98,37140300,9637600000
"Sep 16, 2016",607.25,609.26,606.74,606.97,64963400,9637020000
"Sep 15, 2016",610.59,611.09,607.15,607.15,59464600,9688940000
"Sep 14, 2016",608.84,611.95,608.41,610.68,47877700,9660080000
"Sep 13, 2016",608.02,611.19,606.92,609.24,86920600,9645930000
"Sep 12, 2016",607,608.46,605.41,608.24,72812300,9628560000
"Sep 11, 2016",623.42,628.82,600.51,606.72,73610800,9887780000
"Sep 10, 2016",622.93,625.1,622.39,623.51,45016800,9878730000
"Sep 09, 2016",626.35,626.83,620.26,622.86,64550200,9931980000
"Sep 08, 2016",614.63,628.77,613.84,626.32,86713000,9745120000
"Sep 07, 2016",610.57,614.54,608.51,614.54,75032400,9679610000
"Sep 06, 2016",606.51,610.83,605.09,610.44,78529100,9614140000
"Sep 05, 2016",608.99,609.05,602.24,606.59,82446800,9652490000
"Sep 04, 2016",598.59,611.84,596.85,608.63,97942900,9486370000
"Sep 03, 2016",575.55,599.5,574.06,598.21,159014000,9120440000
"Sep 02, 2016",572.41,575.64,570.81,575.54,79910800,9069550000
"Sep 01, 2016",575.55,576.31,571.81,572.3,76923400,9118280000
"Aug 31, 2016",577.59,577.86,573.64,575.47,75840900,9149730000
"Aug 30, 2016",574.11,578.36,574.11,577.5,70342400,9093530000
"Aug 29, 2016",574.07,576.28,573.47,574.11,110398000,9091830000
"Aug 28, 2016",569.83,574.04,569.74,573.91,86301600,9023610000
"Aug 27, 2016",579.45,579.85,568.63,569.95,59698300,9174990000
"Aug 26, 2016",577.75,580.62,576.86,579.65,48856800,9147170000
"Aug 25, 2016",580.18,580.45,575.17,577.76,136130000,9184700000
"Aug 24, 2016",583.41,583.59,579.86,580.18,56328200,9234800000
"Aug 23, 2016",586.77,589.47,581.63,583.41,85349200,9286930000
"Aug 22, 2016",581.31,588.45,580.59,586.75,72844000,9199410000
"Aug 21, 2016",581.94,584.16,580.22,581.31,38299400,9208210000
"Aug 20, 2016",576.08,582.82,575.46,581.7,45301400,9114500000
"Aug 19, 2016",574.34,578.24,574.18,575.63,50631600,9085820000
"Aug 18, 2016",573.71,577.79,573.43,574.32,59896600,9074760000
"Aug 17, 2016",577.76,580.89,571.43,573.22,54443000,9138030000
"Aug 16, 2016",567.24,581.74,566.72,577.44,58405200,8970770000
"Aug 15, 2016",570.49,573.58,563.24,567.24,57262300,9021180000
"Aug 14, 2016",585.59,585.67,564.78,570.47,60851100,9258730000
"Aug 13, 2016",587.36,589.77,584.98,585.59,43563000,9285530000
"Aug 12, 2016",588.8,589.91,583.81,587.56,69218000,9307250000
"Aug 11, 2016",592.12,597.54,589.12,589.12,74514400,9358770000
"Aug 10, 2016",587.65,599.98,586.37,592.1,102905000,9286960000
"Aug 09, 2016",591.04,591.09,584.79,587.8,92228100,9339660000
"Aug 08, 2016",592.74,592.99,588.05,591.05,61194100,9365440000
"Aug 07, 2016",587.77,597.51,586.82,592.69,82398400,9285940000
"Aug 06, 2016",575.03,588.4,569.47,587.78,80797300,9083510000
"Aug 05, 2016",578.28,578.28,569.98,575.04,66127900,9133690000
"Aug 04, 2016",566.33,579.5,565.78,578.29,125292000,8943870000
"Aug 03, 2016",548.66,573.36,541.55,566.36,207982000,8663670000
"Aug 02, 2016",606.4,612.85,531.33,547.47,330933000,9574320000
"Aug 01, 2016",624.6,626.12,605.88,606.27,121887000,9860620000
"Jul 31, 2016",655.1,655.28,624.37,624.68,110818000,10340900000
"Jul 30, 2016",657.01,658.22,654.21,655.05,38456100,10370100000
"Jul 29, 2016",655.11,657.8,654.79,656.99,60703500,10338900000
"Jul 28, 2016",654.49,657.6,654.49,655.03,86428400,10328100000
"Jul 27, 2016",651.63,657.46,648.45,654.35,147461000,10281900000
"Jul 26, 2016",654.23,656.23,645.88,651.78,225135000,10321900000
"Jul 25, 2016",661.26,661.83,653.39,654.1,78176500,10431900000
"Jul 24, 2016",655.41,663.11,652.79,661.28,118184000,10338600000
"Jul 23, 2016",650.73,656.37,648.52,655.56,69532200,10263700000
"Jul 22, 2016",664.92,666.58,646.72,650.62,134169000,10486600000
"Jul 21, 2016",665.23,666.22,660.41,665.01,60491800,10490300000
"Jul 20, 2016",672.81,672.93,663.36,665.68,94636400,10608600000
"Jul 19, 2016",672.74,673.28,667.63,672.86,61203300,10606500000
"Jul 18, 2016",679.81,681.55,668.63,673.11,69465000,10716800000
"Jul 17, 2016",661.99,682.37,661.99,679.46,74407900,10434700000
"Jul 16, 2016",663.78,666.46,659.33,660.77,50330200,10461700000
"Jul 15, 2016",659.17,667.08,659.04,663.25,81673100,10387900000
"Jul 14, 2016",652.92,662.9,652.92,658.08,98511400,10288400000
"Jul 13, 2016",664.8,668.7,654.47,654.47,131449000,10474500000
"Jul 12, 2016",648.28,675.26,646.78,664.55,138173000,10213100000
"Jul 11, 2016",648.48,659.63,644.98,647.66,107910000,10215200000
"Jul 10, 2016",650.6,652.29,641.26,649.36,102532000,10247300000
"Jul 09, 2016",666.38,666.38,633.4,650.96,180536000,10493800000
"Jul 08, 2016",640.69,666.71,636.47,666.52,141970000,10086900000
"Jul 07, 2016",678.09,682.43,611.83,640.56,258091000,10673400000
"Jul 06, 2016",670.42,681.9,670.42,677.33,134961000,10550300000
"Jul 05, 2016",683.21,683.49,665.07,670.63,130476000,10749100000
"Jul 04, 2016",658.8,683.66,650.51,683.66,92008400,10362700000
"Jul 03, 2016",704.97,704.97,649.01,658.66,129512000,11086100000
"Jul 02, 2016",676.73,703.7,676.4,703.7,112354000,10639600000
"Jul 01, 2016",672.51,686.15,669.59,676.3,134431000,10570600000
"Jun 30, 2016",640.59,675.4,636.61,673.34,138980000,10066400000
"Jun 29, 2016",644.12,644.68,628.28,639.89,142456000,10119600000
"Jun 28, 2016",658.1,659.25,637.77,647,138385000,10336800000
"Jun 27, 2016",629.35,655.27,620.52,655.27,122134000,9882840000
"Jun 26, 2016",665.93,665.98,616.93,629.37,109225000,10454900000
"Jun 25, 2016",665.28,691.73,646.56,665.12,126656000,10442000000
"Jun 24, 2016",625.58,681.73,625.27,665.3,224317000,9816730000
"Jun 23, 2016",597.44,629.33,558.14,623.98,253462000,9373190000
"Jun 22, 2016",665.91,678.67,587.48,596.12,266393000,10445300000
"Jun 21, 2016",735.88,735.88,639.07,666.65,309944000,11540000000
"Jun 20, 2016",763.93,764.08,732.73,737.23,174511000,11976700000
"Jun 19, 2016",756.69,766.62,745.63,763.78,136185000,11859800000
"Jun 18, 2016",748.76,777.99,733.93,756.23,252718000,11732600000
"Jun 17, 2016",768.49,775.36,716.56,748.91,363321000,12038900000
"Jun 16, 2016",696.52,773.72,696.52,766.31,271634000,10908900000
"Jun 15, 2016",685.68,696.3,672.56,694.47,99223800,10736600000
"Jun 14, 2016",704.5,704.5,662.8,685.56,186694000,11028900000
"Jun 13, 2016",671.65,716,664.49,704.38,243295000,10511900000
"Jun 12, 2016",609.68,684.84,607.04,672.78,277085000,9539850000
"Jun 11, 2016",578.67,607.12,578.67,606.73,82357000,9052360000
"Jun 10, 2016",575.84,579.13,573.33,577.47,66991900,9005920000
"Jun 09, 2016",582.2,582.2,570.95,574.63,71301000,9103080000
"Jun 08, 2016",577.17,582.84,573.13,581.64,80265800,9022250000
"Jun 07, 2016",585.45,590.26,567.51,576.6,107770000,9149580000
"Jun 06, 2016",574.6,586.47,574.6,585.54,72138900,8977700000
"Jun 05, 2016",573.31,582.81,569.18,574.98,68874100,8955060000
"Jun 04, 2016",569.71,590.13,564.24,572.73,94925300,8897080000
"Jun 03, 2016",537.68,574.64,536.92,569.19,122020000,8395070000
"Jun 02, 2016",536.51,540.35,533.08,537.97,60378200,8375000000
"Jun 01, 2016",531.11,543.08,525.64,536.92,86061800,8288680000
"May 31, 2016",534.19,546.62,520.66,531.39,138450000,8335100000
"May 30, 2016",528.47,544.35,522.96,533.86,87958700,8243960000
"May 29, 2016",527.48,553.96,512.18,526.23,148737000,8226500000
"May 28, 2016",473.03,533.47,472.7,530.04,181199000,7375780000
"May 27, 2016",453.52,478.15,453.52,473.46,164781000,7070010000
"May 26, 2016",449.67,453.64,447.9,453.38,65203800,7008500000
"May 25, 2016",446.06,450.3,446.06,449.6,65231000,6950690000
"May 24, 2016",444.29,447.1,443.93,445.98,65783100,6921460000
"May 23, 2016",439.35,444.35,438.82,444.15,50582500,6842470000
"May 22, 2016",443.22,443.43,439.04,439.32,39657600,6900700000
"May 21, 2016",442.97,443.78,441.71,443.19,42762300,6895230000
"May 20, 2016",437.79,444.05,437.39,442.68,81987900,6813080000
"May 19, 2016",454.52,454.63,438.71,438.71,96027400,7072090000
"May 18, 2016",453.69,456,453.3,454.62,86850100,7057390000
"May 17, 2016",454.01,455.07,453.61,453.78,64100300,7060730000
"May 16, 2016",457.59,458.2,452.94,454.16,59171500,7114740000
"May 15, 2016",455.76,458.69,455.46,457.57,28514000,7084760000
"May 14, 2016",455.82,456.84,454.79,455.67,37209000,7084100000
"May 13, 2016",454.85,457.06,453.45,455.67,60845000,7067270000
"May 12, 2016",452.45,454.95,449.25,454.77,59849300,7028330000
"May 11, 2016",450.86,454.58,450.86,452.73,50605200,7002230000
"May 10, 2016",460.52,461.93,448.95,450.89,58956100,7150370000
"May 09, 2016",458.21,462.48,456.53,460.48,55493100,7112510000
"May 08, 2016",458.43,459.42,455.98,458.55,40315000,7114060000
"May 07, 2016",459.64,460.68,457.32,458.54,38364500,7131120000
"May 06, 2016",447.94,461.38,447.07,459.6,72796800,6947800000
"May 05, 2016",446.71,448.51,445.88,447.98,50440800,6926990000
"May 04, 2016",450.18,450.38,445.63,446.72,50407300,6978950000
"May 03, 2016",444.73,451.1,442.62,450.3,59366400,6892690000
"May 02, 2016",451.93,452.44,441.78,444.67,92127000,7002610000
"May 01, 2016",448.48,452.48,447.93,451.88,40660100,6947430000
"Apr 30, 2016",455.18,455.59,447.7,448.32,69322600,7049460000
"Apr 29, 2016",449.41,455.38,446.02,455.1,49258500,6958330000
"Apr 28, 2016",445.04,449.55,436.65,449.01,74064700,6889170000
"Apr 27, 2016",466.26,467.08,444.13,444.69,93564900,7216190000
"Apr 26, 2016",461.65,467.96,461.62,466.09,78971900,7143060000
"Apr 25, 2016",459.12,466.62,453.59,461.43,87091800,7102490000
"Apr 24, 2016",450.56,460.15,448.93,458.56,68198400,6968570000
"Apr 23, 2016",445.86,450.28,444.33,450.28,50485400,6894280000
"Apr 22, 2016",449.69,449.81,444.15,445.74,58804400,6951860000
"Apr 21, 2016",441.42,450.55,440.95,449.43,68204700,6822320000
"Apr 20, 2016",435.32,443.05,434.41,441.39,72890100,6726370000
"Apr 19, 2016",428.7,436.02,428.1,435.51,52810500,6622450000
"Apr 18, 2016",427.61,429.27,427.09,428.59,55670900,6604150000
"Apr 17, 2016",430.64,431.37,426.08,427.4,52125900,6649170000
"Apr 16, 2016",429.57,432.63,428.98,430.57,39392800,6631310000
"Apr 15, 2016",424.43,429.93,424.43,429.71,54801500,6550350000
"Apr 14, 2016",423.94,425.37,423.01,424.28,45281000,6541030000
"Apr 13, 2016",425.63,426.66,422.92,423.73,69060400,6565470000
"Apr 12, 2016",422.84,427.28,422.84,425.19,70728800,6520870000
"Apr 11, 2016",421.87,422.74,420.53,422.48,50747500,6504290000
"Apr 10, 2016",419.59,422.44,419.26,421.56,73478600,6467330000
"Apr 09, 2016",420.81,420.89,416.51,419.41,49792700,6484410000
"Apr 08, 2016",422.91,425.36,419.63,420.35,63454700,6515190000
"Apr 07, 2016",423.62,423.66,420.52,422.75,57858600,6524680000
"Apr 06, 2016",424.28,424.53,422.73,423.41,59091000,6533260000
"Apr 05, 2016",421.02,424.26,420.61,424.03,60718000,6481350000
"Apr 04, 2016",421.3,422.34,419.6,421.44,50634300,6483910000
"Apr 03, 2016",421.17,421.58,419.7,420.9,38053700,6480470000
"Apr 02, 2016",418.42,422.08,418.42,420.87,45681200,6436700000
"Apr 01, 2016",416.76,418.17,415.83,417.96,51235700,6409540000
"Mar 31, 2016",415.26,418.37,415.26,416.73,60215200,6385140000
"Mar 30, 2016",416.83,416.83,412.5,414.82,66034100,6407840000
"Mar 29, 2016",424.3,426.2,412.68,416.52,75411500,6521010000
"Mar 28, 2016",426.55,426.86,423.29,424.23,68522800,6553700000
"Mar 27, 2016",418.14,428.8,417.71,426.76,71229400,6423040000
"Mar 26, 2016",417.37,418.99,416.26,417.94,44650400,6409500000
"Mar 25, 2016",416.51,418.08,415.56,417.18,52560000,6394850000
"Mar 24, 2016",418.42,418.68,415.49,416.39,68346700,6422730000
"Mar 23, 2016",418.16,419.27,417.36,418.04,61444200,6417130000
"Mar 22, 2016",413.13,418.38,412.53,418.09,66813300,6338430000
"Mar 21, 2016",413.42,413.42,410.38,413.31,61655400,6341380000
"Mar 20, 2016",410.4,414.63,410.4,413.75,45947900,6293610000
"Mar 19, 2016",409.26,410.98,407.23,410.44,58423000,6274790000
"Mar 18, 2016",420.55,420.55,406.14,409.55,104940000,6446330000
"Mar 17, 2016",417.89,421,417.89,420.62,83528600,6404130000
"Mar 16, 2016",416.89,417.69,415.91,417.01,65185800,6387190000
"Mar 15, 2016",416.39,418.13,414.99,416.83,66781700,6377870000
"Mar 14, 2016",414.2,416.68,414.2,416.44,95259400,6342780000
"Mar 13, 2016",411.65,416.6,411.64,414.06,74322800,6302330000
"Mar 12, 2016",421.61,421.8,410.09,411.62,92712900,6453260000
"Mar 11, 2016",417.24,423.93,417.01,421.69,73969700,6384740000
"Mar 10, 2016",414.74,417.51,413.25,417.13,81022900,6344960000
"Mar 09, 2016",413.89,416.03,411.61,414.86,70012300,6330230000
"Mar 08, 2016",414.46,416.24,411.09,413.97,70311700,6337370000
"Mar 07, 2016",407.76,415.92,406.31,414.32,85762400,6233430000
"Mar 06, 2016",400.52,411.91,395.78,407.71,91212500,6121400000
"Mar 05, 2016",410.78,411.26,394.04,400.57,135385000,6276610000
"Mar 04, 2016",421.84,425.18,410.94,410.94,90856100,6443890000
"Mar 03, 2016",423.91,425.37,419.41,421.65,100484000,6474150000
"Mar 02, 2016",435.13,435.92,423.99,423.99,74955300,6643810000
"Mar 01, 2016",437.92,439.65,432.32,435.12,74895800,6684800000
"Feb 29, 2016",433.44,441.51,431.69,437.7,60694700,6614980000
"Feb 28, 2016",432.57,435.68,423.82,433.5,53033400,6600310000
"Feb 27, 2016",432.84,434.23,428.1,432.52,41893600,6602810000
"Feb 26, 2016",424.63,432.15,421.62,432.15,61486000,6476080000
"Feb 25, 2016",425.04,427.72,420.42,424.54,70798000,6480650000
"Feb 24, 2016",420.96,425.55,413.91,424.95,67743700,6417190000
"Feb 23, 2016",438.25,439.86,417.82,420.74,85244900,6679400000
"Feb 22, 2016",438.99,439.05,432.92,437.75,85385200,6689200000
"Feb 21, 2016",437.77,448.05,429.08,438.8,89820700,6669260000
"Feb 20, 2016",421.6,441.98,421.6,437.16,93992100,6421310000
"Feb 19, 2016",422.73,423.1,417.6,420.79,55711300,6436980000
"Feb 18, 2016",416.57,426,415.64,422.37,76752600,6341430000
"Feb 17, 2016",407.66,421.17,406.78,416.32,83193600,6204150000
"Feb 16, 2016",401.43,408.94,401.43,407.49,73093100,6108040000
"Feb 15, 2016",407.57,410.38,397.75,400.19,74070500,6199850000
"Feb 14, 2016",392.93,407.23,392.93,407.23,74469800,5975580000
"Feb 13, 2016",384.64,391.86,384.64,391.86,61911700,5847990000
"Feb 12, 2016",379.69,384.95,379.6,384.26,67042800,5771040000
"Feb 11, 2016",382.11,383.13,376.4,379.65,74375600,5806110000
"Feb 10, 2016",376.15,385.48,375.78,381.65,85130900,5713880000
"Feb 09, 2016",373.42,377.25,372.9,376.03,55318500,5670880000
"Feb 08, 2016",376.76,379.88,373.33,373.45,47671100,5720100000
"Feb 07, 2016",376.51,380.87,374.9,376.62,37076300,5714760000
"Feb 06, 2016",386.59,386.63,372.39,376.52,49249300,5865740000
"Feb 05, 2016",388.9,391.09,385.57,386.55,43825000,5898960000
"Feb 04, 2016",370.17,391.61,369.99,389.59,69285500,5613380000
"Feb 03, 2016",374.65,374.95,368.05,369.95,45933400,5679530000
"Feb 02, 2016",372.92,375.88,372.92,374.45,40378700,5651690000
"Feb 01, 2016",369.35,378.07,367.96,373.06,51656700,5596090000
"Jan 31, 2016",378.29,380.35,367.83,368.77,37894300,5729870000
"Jan 30, 2016",378.87,380.92,376.49,378.25,30284400,5736760000
"Jan 29, 2016",380.11,384.38,365.45,379.47,86125300,5753970000
"Jan 28, 2016",395.15,395.5,379.74,380.29,59247900,5980180000
"Jan 27, 2016",392.44,396.84,391.78,394.97,47424400,5937780000
"Jan 26, 2016",392,397.77,390.57,392.15,58147000,5929520000
"Jan 25, 2016",402.32,402.32,388.55,391.73,59062400,6083900000
"Jan 24, 2016",388.1,405.49,387.51,402.97,54824800,5867300000
"Jan 23, 2016",382.43,394.54,381.98,387.49,56247400,5779890000
"Jan 22, 2016",409.75,410.41,375.28,382.49,91546600,6190940000
"Jan 21, 2016",419.63,422.88,406.3,410.26,68338000,6338800000
"Jan 20, 2016",379.74,425.27,376.6,420.23,121720000,5734760000
"Jan 19, 2016",387.03,387.73,378.97,380.15,46819800,5843510000
"Jan 18, 2016",381.73,388.1,376.67,387.17,54403900,5761940000
"Jan 17, 2016",387.15,390.96,380.09,382.3,45319600,5842270000
"Jan 16, 2016",365.07,390.56,354.91,387.54,120352000,5507790000
"Jan 15, 2016",430.25,430.25,364.33,364.33,153351000,6489870000
"Jan 14, 2016",432.29,433.32,427.85,430.31,43945500,6519110000
"Jan 13, 2016",434.67,435.19,424.44,432.37,173888000,6553350000
"Jan 12, 2016",448.18,448.18,435.69,435.69,115607000,6755220000
"Jan 11, 2016",448.7,450.66,443.86,448.43,40450000,6761090000
"Jan 10, 2016",448.24,448.31,440.35,447.99,35995900,6752210000
"Jan 09, 2016",453.38,454.64,446.89,447.61,32278000,6828000000
"Jan 08, 2016",457.54,462.93,447.94,453.23,56993000,6888600000
"Jan 07, 2016",430.01,458.77,429.08,458.05,87562200,6472580000
"Jan 06, 2016",431.86,431.86,426.34,429.11,34042500,6498830000
"Jan 05, 2016",433.07,434.18,429.68,431.96,34522600,6515380000
"Jan 04, 2016",430.06,434.52,429.08,433.09,38477500,6468180000
"Jan 03, 2016",433.58,433.74,424.71,430.01,39633800,6519500000
"Jan 02, 2016",434.62,436.06,431.87,433.44,30096600,6533630000
"Jan 01, 2016",430.72,436.25,427.51,434.33,36278900,6473530000
